cik,symbol,security_id,company_name,exchange,industry_code,screen_sessions,screen_last_price,screen_median_dollar_volume,screen_liquidity_rank
0001045810,NVDA,4ce9353c-66d1-46c2-898f-fce867ab0247,NVIDIA CORP,NASDAQ,,83,200.74,908842519.2,1
0000723125,MU,1ef18995-5094-4f62-a5c5-e00168611152,MICRON TECHNOLOGY INC,NASDAQ,,83,823.21,795848947.68,2
0001018724,AMZN,f801f835-bfe6-4a9d-a6b1-ccbb84bfd75f,AMAZON COM INC,NASDAQ,,83,271.465,484750770.07,3
0000789019,MSFT,b6d1aa75-5c9c-4353-a305-9e2caa1925ab,MICROSOFT CORP,NASDAQ,,83,464.7,397594263.15,4
0002023554,SNDK,325cea3c-527c-4075-8130-e5bbbe58a8a3,Sandisk Corp,NASDAQ,,83,1214.05,392792657.7,5
0000002488,AMD,03fb07bb-5db1-4077-8dea-5d711b272625,ADVANCED MICRO DEVICES INC,NASDAQ,,83,476.03,316437728.46,6
0001326801,META,fc6a5dcd-4a70-4b8d-b64f-d83a6dae9ba4,"Meta Platforms, Inc.",NASDAQ,,83,556.6,293210250.0,7
0001730168,AVGO,7a8b4fcf-0622-47ef-8541-de7f70ffc0c4,Broadcom Inc.,NASDAQ,,83,389.3,260104953.57,8
0001046179,TSM,626ce11f-1e10-488b-8d75-a3eff18d6d0f,TAIWAN SEMICONDUCTOR MANUFACTURING CO LTD,NYSE,,83,404.35,224092132.17,9
0001065280,NFLX,bb2a26c0-4c77-4801-8afc-82e8142ac7b8,NETFLIX INC,NASDAQ,,83,71.695,197630239.47,10
0001633978,LITE,363b9094-c5ae-4899-bbc0-f94b27c87a6e,Lumentum Holdings Inc.,NASDAQ,,83,713.72,148099401.84,11
0000006951,AMAT,ce4833e1-c561-492a-aace-7eb451d09e02,APPLIED MATERIALS INC /DE,NASDAQ,,83,508.08,147271560.72,12
0001835632,MRVL,723c21be-11af-4450-9b64-20346a6905fc,"Marvell Technology, Inc.",NASDAQ,,83,187.61,143497059.48,13
0001341439,ORCL,27982558-2464-4daf-bb2f-b3b728659884,ORACLE CORP,NYSE,,83,129.885,143460723.49,14
0001321655,PLTR,80e04a93-e1a8-4503-ab61-2ef1992650b4,Palantir Technologies Inc.,NASDAQ,,83,123.03,137039378.0,15
0000106040,WDC,70cb03f3-2184-4a3a-b04c-ad5ff9524612,WESTERN DIGITAL CORP,NASDAQ,,83,544.61,126409901.76,16
0001137789,STX,b74ff3ea-545f-49e2-91ad-cd4e205642a4,Seagate Technology Holdings plc,NASDAQ,,83,855.57,125996558.25,17
0001996810,GEV,fe794b59-e78a-4544-b35b-41d3cfb38f12,GE Vernova Inc.,NYSE,,83,990.15,121561818.36,18
0000070858,BAC,061588a3-d70b-4b9c-a3f6-636aaa16acc4,BANK OF AMERICA CORP /DE/,NYSE,,83,61.98,120408437.75,19
0000059478,LLY,87266a27-1b34-47bd-b236-bd3a9f59b138,ELI LILLY & Co,NYSE,,83,1148.86,120208808.36,20
0001403161,V,4f5baf1e-0e9b-4d85-b88a-d874dc4a3c42,VISA INC.,NYSE,,83,366.07,116570804.28,21
0000707549,LRCX,3ae976ac-6d14-4c4f-b02d-e83813f8a829,LAM RESEARCH CORP,NASDAQ,,83,293.49,113500432.76,22
0000804328,QCOM,39be1334-06b6-4df2-a2f1-b21b942628d0,QUALCOMM INC/DE,NASDAQ,,83,147.7,107478315.96,23
0000858877,CSCO,9ec078b1-5167-4d3d-908c-a1e49be367f1,"CISCO SYSTEMS, INC.",NASDAQ,,83,116.0,107315475.3,24
0000097476,TXN,440efabf-b53c-4d70-b6e5-abb4f53e7104,TEXAS INSTRUMENTS INC,NASDAQ,,83,275.81,99145147.56,25
0000018230,CAT,e7535ed9-c182-41ef-80f6-ee08f4166b6c,CATERPILLAR INC,NYSE,,83,814.555,98310662.22,26
0001513845,NBIS,44d23ccc-a7b5-4cfd-968d-590a6274f43b,Nebius Group N.V.,NASDAQ,,83,190.31,98303292.0,27
0001373715,NOW,0ec9e18b-6dc2-43f7-a956-8d07bac7c08b,"ServiceNow, Inc.",NYSE,,83,111.26,93662163.24,28
0000104169,WMT,3f3e0ff9-599f-4fec-8842-6bc53f5129a1,Walmart Inc.,NASDAQ,,83,111.23,91155858.64,29
0001141391,MA,2140998d-7f62-46f2-a9b2-e44350bd4807,Mastercard Inc,NYSE,,83,573.41,89974317.3,30
0000731766,UNH,943bb7c3-0fb0-4088-9a37-62549b5dc528,UNITEDHEALTH GROUP INC,NYSE,,83,414.43,89683949.11,31
0000024741,GLW,b3ce91f9-c7b2-4ab2-9a16-57fb17e06294,CORNING INC /NY,NYSE,,83,138.29,88597614.35,32
0001664703,BE,b46a6a71-7b7b-4cd1-a70a-163125cd2dc7,Bloom Energy Corp,NYSE,,83,205.65,87193612.5,33
0001571996,DELL,91ee1b57-f36c-40cf-a8b7-84583daaafc9,Dell Technologies Inc.,NYSE,,83,405.275,84908960.64,34
0001108524,CRM,cf80d13f-470c-4947-8593-c5e098aeba4e,"Salesforce, Inc.",NYSE,,83,184.0,83773638.06,35
0002115436,XOM,0dd35bf7-a49c-4068-bce0-8e40b700454d,ExxonMobil Holdings Corp,NYSE,,83,155.41,80624540.33,36
0000896878,INTU,cd1347d7-8add-49bd-acd1-4ffde9a4081b,INTUIT INC.,NASDAQ,,83,316.12,80623398.52,37
0000820318,COHR,e3e977e6-a55b-4b5f-bc0a-e2b02183d254,COHERENT CORP.,NYSE,,83,262.995,79763490.56,38
0000924613,NOK,53f4d07f-dfcc-48d5-bb73-d8a4bab76a10,NOKIA CORP,NYSE,,83,9.1,79627299.5,39
0001543151,UBER,bea0f181-afd8-4bd2-9486-85d3fc2f10d7,"Uber Technologies, Inc",NYSE,,83,70.375,76341191.33,40
0000019617,JPM,e3047683-637a-4fb2-b71d-805cd6fec95d,JPMORGAN CHASE & CO,NYSE,,83,351.86,75523411.2,41
0001327567,PANW,ba1cc326-cf8d-4d7c-a49e-8b413555f3d0,Palo Alto Networks Inc,NASDAQ,,83,331.84,74716360.9,42
0000072971,WFC,f9700a20-b0fe-4516-87c5-9d7b096d5539,WELLS FARGO & COMPANY/MN,NYSE,,83,86.455,74516168.04,43
0000021344,KO,3795cafe-fd54-4f66-a31e-66774be875ca,COCA COLA CO,NYSE,,83,87.58,74176524.0,44
0001783879,HOOD,c6e72c57-a1a9-4e4b-a7d0-029160f8bd64,"Robinhood Markets, Inc.",NASDAQ,,83,86.57,72732061.92,45
0000200406,JNJ,ef9adcc6-6bce-452b-af5f-4a87e7f19131,JOHNSON & JOHNSON,NYSE,,83,256.465,70577064.64,46
0000886982,GS,064dd45f-7a58-452c-93f2-377f9a0cc7f2,GOLDMAN SACHS GROUP INC,NYSE,,83,1017.6,66150886.2,47
0000006281,ADI,e72fbd29-be6b-43c2-80c6-b6e80d5b23db,ANALOG DEVICES INC,NASDAQ,,83,367.49,65432296.56,48
0001596532,ANET,0f1e6e45-a44d-4e3e-a53a-ffbdf25eb283,"Arista Networks, Inc.",NYSE,,83,180.32,64577999.37,49
0000097745,TMO,722b2e6d-2b85-4502-8f72-55f199fb3c47,THERMO FISHER SCIENTIFIC INC.,NYSE,,83,574.39,64527844.86,50
0001736297,ALAB,9c4f8e1f-1d92-4b53-b7c8-b5678f972259,"Astera Labs, Inc.",NASDAQ,,83,311.0,63601150.88,51
0000831001,C,36c8d04d-be51-476c-9382-0b6ea3bf1a26,CITIGROUP INC,NYSE,,83,132.43,63199173.78,52
0000732712,VZ,a54066ec-ebb0-4d1e-b7cf-cd84298515ec,VERIZON COMMUNICATIONS INC,NYSE,,83,46.83,62707817.19,53
0001640147,SNOW,99337c8c-71cb-409c-8343-f091b50401a2,Snowflake Inc.,NYSE,,83,293.06,62554538.34,54
0000820313,APH,4b36cdb2-64e4-4f6c-9dd6-8c1326cf5829,AMPHENOL CORP /DE/,NYSE,,83,160.705,62437083.31,55
0000732717,T,2d6ed211-6d9b-46d9-b9d5-d3f8b453fd9a,AT&T INC.,NYSE,,83,23.265,61880680.0,56
0000909832,COST,1f888138-e413-4939-b16b-bdd08bb4debd,COSTCO WHOLESALE CORP /NEW,NASDAQ,,83,951.61,61853126.72,57
0001075531,BKNG,c50070cd-18b4-4f29-ae0f-f192e4cc4553,Booking Holdings Inc.,NASDAQ,,83,192.885,61281357.48,58
0000885725,BSX,2652a688-e44c-469e-92f8-8ece2594d4c0,BOSTON SCIENTIFIC CORP,NYSE,,83,46.73,60477229.16,59
0000051143,IBM,21d40833-6d13-4031-9af3-02f6a516d791,INTERNATIONAL BUSINESS MACHINES CORP,NYSE,,83,223.8,60141846.64,60
0000831259,FCX,75951f3e-87ac-4f58-98f3-d4fdb649d332,FREEPORT-MCMORAN INC,NYSE,,83,62.62,58945367.6,61
0001807794,CRDO,73fa2018-e4b3-4956-a6d7-6c47ccdbcd83,Credo Technology Group Holding Ltd,NASDAQ,,83,207.14,58380762.88,62
0000753308,NEE,ac20a75d-5bb4-4d10-96e8-f5e58e730139,NEXTERA ENERGY INC,NYSE,,83,86.95,58129375.34,63
0000093410,CVX,186997ab-b63c-439b-bf62-72275d1c4c27,CHEVRON CORP,NYSE,,83,196.855,57917808.0,64
0000354950,HD,b6b1ea06-5d71-4146-be77-03f671788940,"HOME DEPOT, INC.",NYSE,,83,332.02,57606414.49,65
0001535527,CRWD,26226278-b62c-47ec-a1bd-cf0dbd14b420,"CrowdStrike Holdings, Inc.",NASDAQ,,83,190.86,57048421.4,66
0000316709,SCHW,1f868250-6f1d-4a57-9cd0-ac3f581a96e5,SCHWAB CHARLES CORP,NYSE,,83,105.245,55395541.04,67
0000936395,CIEN,2ada15fb-1cf1-4241-a97b-0837322da8d6,CIENA CORP,NYSE,,83,376.9,54670222.2,68
0001280452,MPWR,de7edaf4-bc7f-44fc-87d9-27b52406ccc6,"MONOLITHIC POWER SYSTEMS, INC.",NASDAQ,,83,1424.59,54474874.46,69
0001551152,ABBV,09a51104-980a-47b6-ad4d-e4f04059be4a,AbbVie Inc.,NYSE,,83,250.88,54133224.39,70
0001645590,HPE,03a4498a-78b3-4043-8dcb-2c3cf4dc352e,Hewlett Packard Enterprise Co,NYSE,,83,47.88,53882355.56,71
0000097210,TER,abb494ba-b24a-46bc-b050-2128e3303f60,"TERADYNE, INC",NASDAQ,,83,367.56,52488558.72,72
0000080424,PG,f81a406b-a53c-4ea5-ab05-6fb92bfc6bd7,PROCTER & GAMBLE Co,NYSE,,83,144.51,51988620.06,73
0001639920,SPOT,39a26dc1-927a-4590-b103-b8068a013e7f,Spotify Technology S.A.,NYSE,,83,499.28,51942792.88,74
0000001800,ABT,a097c03a-7ebe-4de6-b729-a82370cd2a6e,ABBOTT LABORATORIES,NYSE,,83,105.725,51288201.86,75
0001097864,ON,b56defb4-e3f6-4756-ba80-143862d2dda1,ON SEMICONDUCTOR CORP,NASDAQ,,83,81.58,50969082.49,76
0000895421,MS,1c2f8701-b8cb-40b6-902a-1e9a6a0c7bcf,MORGAN STANLEY,NYSE,,83,210.56,50911725.15,77
0001613103,MDT,1fc2849e-26d5-4f49-add6-2f913ded54c9,Medtronic plc,NYSE,,83,85.395,50472581.94,78
0000310764,SYK,1c8746ac-5a25-4456-95e1-970ae6ade43c,STRYKER CORP,NYSE,,83,325.56,49126298.52,79
0000320187,NKE,db00f7c3-19bb-42b6-9beb-79e92487f99e,"NIKE, Inc.",NYSE,,83,41.72,48217800.88,80
0001163165,COP,705363ac-b8c6-4d0e-9c9b-a343f3103de6,CONOCOPHILLIPS,NYSE,,83,120.48,47765751.74,81
0000927628,COF,58173a3c-c7e1-4150-b48f-1af063a88e26,CAPITAL ONE FINANCIAL CORP,NYSE,,83,209.08,46642580.4,82
0001035267,ISRG,e02df0be-fd3a-4762-b4c1-c274784bf756,INTUITIVE SURGICAL INC,NASDAQ,,83,353.34,46362813.34,83
0000313616,DHR,42f6d400-741b-4a18-ae61-73faae71e2cb,DANAHER CORP /DE/,NYSE,,83,195.01,46250162.4,84
0001467373,ACN,6eace613-5882-4eca-8635-d1c41ee9e260,Accenture plc,NYSE,,83,165.975,46155494.11,85
0002012383,BLK,467bc92e-332b-4f62-95c7-3c9288c20018,"BlackRock, Inc.",NYSE,,83,1090.16,45809101.8,86
0000087347,SLB,799b9c5a-54c1-4241-ba42-0dcba7d161bb,SLB LIMITED/NV,NYSE,,83,49.6,45783755.19,87
0000012927,BA,3bed4fb2-4093-4433-b887-770ae3defd3a,BOEING CO,NYSE,,83,216.2,45311716.57,88
0001375365,SMCI,e4870680-5a31-43e0-a477-c47d158ac43d,"Super Micro Computer, Inc.",NASDAQ,,83,28.4,45282476.04,89
0001744489,DIS,2f34c0b3-a4aa-4959-b52c-3c41b2c246c4,Walt Disney Co,NYSE,,83,96.23,44994973.83,90
0001819994,RKLB,91cee411-1675-48eb-a902-45c8c152f2a1,Rocket Lab Corp,NASDAQ,,83,64.94,44815103.88,91
0001868275,CEG,7658b394-4296-4b6c-b3e5-02243499faf6,Constellation Energy Corp,NASDAQ,,83,262.75,44469307.26,92
0000064040,SPGI,10f7d07f-0811-42bf-a780-b4d4cb53eb91,S&P Global Inc.,NYSE,,83,411.51,44256468.51,93
0001413447,NXPI,840703bb-88cd-4cac-9acd-91eba330dc8a,NXP Semiconductors N.V.,NASDAQ,,83,229.4,44207403.24,94
0001035983,FIX,b56fafb4-300c-4444-a83a-876ca63e1b3c,COMFORT SYSTEMS USA INC,NYSE,,83,1727.79,43756757.44,95
0000063908,MCD,e077638f-a5c9-47e4-a7ce-2bfabf5ff698,MCDONALDS CORP,NYSE,,83,270.63,43155747.7,96
0002021728,CBRS,84aabac1-3749-43ab-9a9e-271d2a09a308,Cerebras Systems Inc.,NASDAQ,,54,198.88,43006755.85,97
0001050915,PWR,922c81b2-d99a-4a7f-bf54-6ebd6f8305bd,"QUANTA SERVICES, INC.",NYSE,,83,667.4,42946044.3,98
0000078003,PFE,b0940983-b0c6-42f1-97d5-b1b580e4431b,PFIZER INC,NYSE,,83,25.03,41656648.72,99
0000076334,PH,44de3ac7-fd5e-4c49-99ae-561246d323f5,Parker-Hannifin Corp,NYSE,,83,977.67,41506489.48,100
0000866787,AZO,dae5e891-472a-42a9-8638-cc67023813f4,AUTOZONE INC,NYSE,,83,3019.77,41366133.71,101
0001283699,TMUS,7f9df478-237c-45c8-bc80-c97a53478c37,"T-Mobile US, Inc.",NASDAQ,,83,172.69,40989306.9,102
0000077476,PEP,7b7466c4-5066-4e3e-80e6-8da1c835ce56,PEPSICO INC,NASDAQ,,83,139.605,40661930.4,103
0000872589,REGN,5098a4d2-0917-4184-862c-17dbefde2ed4,"REGENERON PHARMACEUTICALS, INC.",NASDAQ,,83,762.72,40448941.61,104
0000310158,MRK,0d56791f-7395-40fa-853b-7b852bd9a7bf,"Merck & Co., Inc.",NYSE,,83,130.21,40279255.58,105
0001158114,AAOI,16a4a26f-e78e-4e9f-8438-b6fe63aa861d,"APPLIED OPTOELECTRONICS, INC.",NASDAQ,,83,94.335,39612578.7,106
0000100885,UNP,e28f2c45-0bb1-45c1-84e0-f8d1a98c4088,UNION PACIFIC CORP,NYSE,,83,292.15,39580041.8,107
0000883241,SNPS,fa8500c0-9022-4a74-97f9-93d41ed28dac,SYNOPSYS INC,NASDAQ,,83,388.82,39579070.58,108
0000827054,MCHP,edc751a9-e628-40bd-9498-23ad7918269e,MICROCHIP TECHNOLOGY INC,NASDAQ,,83,74.28,39293169.8,109
0000932787,STM,b24553aa-e1ce-4474-88ab-3ddd3f9dfa28,STMicroelectronics N.V.,NYSE,,83,52.4,38923714.16,110
0001099590,MELI,c85841d1-e05b-4f3c-9e9c-cc8fd3949fbb,MERCADOLIBRE INC,NASDAQ,,83,1878.37,38495818.72,111
0000101829,RTX,4d8f7f83-d998-4839-9134-38473cd13123,RTX Corp,NYSE,,83,215.22,38488448.75,112
0000004962,AXP,49b90cdc-f6f5-4a7c-807a-ed172e6017af,AMERICAN EXPRESS CO,NYSE,,83,336.23,38376983.7,113
0001035002,VLO,767ee8af-6479-44f5-8106-799120134246,VALERO ENERGY CORP/TX,NYSE,,83,312.89,38358758.1,114
0001058090,CMG,a3e21504-59e3-4f4b-8f9c-86a569bdf842,CHIPOTLE MEXICAN GRILL INC,NYSE,,83,37.25,38312461.5,115
0000884887,RCL,b4ef8484-77d0-42d9-97a5-d67948cbb979,ROYAL CARIBBEAN CRUISES LTD,NYSE,,83,318.18,38195164.8,116
0001437107,WBD,c8899fc1-c3b2-411c-a940-4b9380a09b84,"Warner Bros. Discovery, Inc.",NASDAQ,,83,26.29,37874442.7,117
0000813672,CDNS,ee289c17-ee75-4d48-a9ee-505156d93171,CADENCE DESIGN SYSTEMS INC,NASDAQ,,83,339.98,37731561.03,118
0000014272,BMY,ad22d1ca-8bfc-45cc-ae7f-5f091bbc8c7c,BRISTOL MYERS SQUIBB CO,NYSE,,83,65.3,37546779.53,119
0000064803,CVS,4f4530c8-5ba0-4b16-86ec-b0ce753c5ac8,CVS HEALTH Corp,NYSE,,83,104.425,37389867.2,120
0000815097,CCL,d8917341-9b29-4fe9-a373-c8ddd6d5ae86,Carnival Corp Ltd.,NYSE,,83,27.82,37286736.02,121
0001690820,CVNA,8e15f85d-62ba-4836-87d7-594a22267d47,CARVANA CO.,NYSE,,83,62.36,36859914.35,122
0001408710,FN,efab651c-58bf-4240-a7f9-36e3c413c1c1,Fabrinet,NYSE,,83,435.69,36622621.6,123
0001030894,CLS,1c078c9b-28c1-4c9f-82a0-508defcff228,CELESTICA INC,NYSE,,83,331.195,36514692.9,124
0001090012,DVN,ab42bac7-0551-47fd-8f5b-3313142cb075,DEVON ENERGY CORP/DE,NYSE,,83,45.13,36399163.61,125
0000006201,AAL,41b54729-8470-4593-be38-b3a681871f81,American Airlines Group Inc.,NASDAQ,,83,15.26,36319423.14,126
0000315189,DE,c00df298-9fb1-49e6-b9d9-92e3749ec5be,DEERE & CO,NYSE,,83,592.66,36229184.98,127
0001083301,WULF,6f0fdddd-2cb5-4a92-821f-c460192ca19d,TERAWULF INC.,NASDAQ,,83,17.655,36050605.5,128
0001679788,COIN,1f3f7283-250d-4477-8b1e-037df55e5046,"Coinbase Global, Inc.",NASDAQ,,83,146.255,36048314.53,129
0001164727,NEM,96da6121-b5ab-4f8b-bb53-60ae53cb5ed3,NEWMONT Corp /DE/,NYSE,,83,93.71,35878859.25,130
0000927653,MCK,73706fa6-f7b8-4919-9381-ff7377a56726,MCKESSON CORP,NYSE,,83,856.25,35858639.34,131
0001385157,TEL,d32092d6-217b-422a-ba18-518f96a57d2a,TE Connectivity plc,NYSE,,83,205.665,35400981.76,132
0001691493,NU,329787c2-5f4f-4e4a-a740-24c8ceb1487f,Nu Holdings Ltd.,NYSE,,83,14.32,35192508.16,133
0000882095,GILD,aa222c8c-5f60-4b88-bc73-7aaadf424628,"GILEAD SCIENCES, INC.",NASDAQ,,83,130.19,34992436.96,134
0001466258,TT,7744341f-5918-44c9-bc50-6a6fc423c9ff,Trane Technologies plc,NYSE,,83,455.05,34982303.55,135
0001413329,PM,b19c4863-d517-4472-9236-8864e50dfa3e,Philip Morris International Inc.,NYSE,,83,190.61,34980498.0,136
0000797468,OXY,11833dec-6549-48bf-ae48-17a25c3a9788,OCCIDENTAL PETROLEUM CORP /DE/,NYSE,,83,57.07,34675634.28,137
0000773840,HON,4d463097-3a48-4120-a2ec-d9a4b68302a9,HONEYWELL INTERNATIONAL INC,NASDAQ,,83,243.095,34635710.09,138
0001780312,ASTS,548bb94e-da40-4dba-9b1f-5770d31d66f1,"AST SpaceMobile, Inc.",NASDAQ,,83,58.965,33925806.49,139
0000026172,CMI,badebe9a-89a1-4579-9e94-28e11d901b16,CUMMINS INC,NYSE,,83,634.29,33664051.53,140
0000036104,USB,5553e8c9-004d-479d-a18c-83a42a87ed10,US BANCORP DE,NYSE,,83,63.005,33592732.39,141
0001824920,IONQ,2e24c584-029a-46b3-9f68-5ccacfc4ed84,"IonQ, Inc.",NYSE,,83,36.42,33517153.95,142
0001260221,TDG,2e65dd16-9fd7-42c7-aa0f-bd7950f028be,TransDigm Group INC,NYSE,,83,1253.91,33317113.4,143
0000109198,TJX,1168e42c-a598-4ed9-8371-2033a0f6af54,TJX COMPANIES INC /DE/,NYSE,,83,157.33,33010992.14,144
0000089800,SHW,d2cb3472-a97f-4434-9736-c4ca7f82a67f,SHERWIN WILLIAMS CO,NYSE,,83,340.76,32695044.2,145
0001103982,MDLZ,705ec4dc-73b9-42fc-8b17-d4e13c31cfae,"Mondelez International, Inc.",NASDAQ,,83,62.31,32500805.7,146
0000756894,B,aef25bf7-87b7-483b-816c-aa76834b96dd,BARRICK MINING CORP,NYSE,,83,36.71,32135317.65,147
0000764180,MO,4eb91cfa-4f8b-4df5-acb7-2f3434fa283f,"ALTRIA GROUP, INC.",NYSE,,83,68.28,32051298.48,148
0001067701,URI,4f34a08c-9bdd-484a-8601-f9c583fee6a0,"UNITED RENTALS, INC.",NYSE,,83,1079.93,31896481.14,149
0001713445,RDDT,6f35d70d-d7cb-48ce-8d2e-be0c7775228e,"Reddit, Inc.",NYSE,,83,140.6,31624146.13,150
0001059556,MCO,7ad52094-7cc2-4ed8-b324-69731dfaa79a,MOODYS CORP /DE/,NYSE,,83,477.96,31519489.8,151
0000766704,WELL,b94a7925-39e6-4a74-9db6-44888cb57d40,WELLTOWER INC.,NYSE,,83,234.61,31427871.86,152
0001585689,HLT,072e0811-8f84-4acc-bc3b-95761ea08dd6,Hilton Worldwide Holdings Inc.,NYSE,,83,320.49,30869281.98,153
0001262039,FTNT,2b7d41ee-36a4-4c7e-b783-896568c61ed0,"Fortinet, Inc.",NASDAQ,,83,161.89,30839343.71,154
0000037996,F,1e80b378-a5e3-4727-96bf-9c64fdd4e7e2,FORD MOTOR CO,NYSE,,83,14.67,30788574.65,155
0001415404,ECHO,644a3939-7c9d-495e-8fcd-2399ca5f1507,EchoStar CORP,NASDAQ,,83,84.11,30383378.2,156
0000860730,HCA,f99ee8af-9d78-4b46-9f2c-3cf6ce839ccf,"HCA Healthcare, Inc.",NYSE,,83,402.67,30301533.66,157
0001818874,SOFI,8aeca3f2-e123-4857-918b-1785a683b430,"SoFi Technologies, Inc.",NASDAQ,,83,16.3,30267359.22,158
0000829224,SBUX,0a7deac5-2d75-4e54-9f66-51c1c6fad55b,STARBUCKS CORP,NASDAQ,,83,105.23,29993874.36,159
0001048911,FDX,4f42e4ef-1f4c-4c7f-9a92-6a25c999031d,FEDEX CORP,NYSE,,83,307.35,29700864.03,160
0001510295,MPC,639306f2-59d8-46e0-95e7-0fe917d34f13,Marathon Petroleum Corp,NYSE,,83,316.34,29515765.5,161
0000353278,NVO,5b308e57-62f3-47b8-afec-1ea0e3a6e536,NOVO NORDISK A S,NYSE,,83,47.08,29419443.56,162
0001692819,VST,d88f5f2c-e621-4d4a-9817-8677af2fd066,Vistra Corp.,NYSE,,83,148.2,29129599.2,163
0001048286,MAR,bd10e4a3-a39d-4726-91cd-8b4d68a635ab,MARRIOTT INTERNATIONAL INC /MD/,NASDAQ,,83,372.88,29021564.64,164
0000003570,LNG,d9263a3c-194d-48b2-b272-13fc42aa2bdd,"Cheniere Energy, Inc.",NYSE,,83,263.73,28948149.44,165
0000715957,D,7ef3c3bc-854c-421a-a778-dc87a402f1d9,"DOMINION ENERGY, INC",NYSE,,83,69.19,28619846.68,166
0000045012,HAL,14a06c29-cc38-444d-ab21-90198dc0fa18,HALLIBURTON CO,NYSE,,83,32.245,28563717.92,167
0001701605,BKR,d5f668a3-682f-474a-84e2-d340593dd94c,Baker Hughes Co,NASDAQ,,83,60.475,28262162.2,168
0000080661,PGR,7e23958d-28fe-4f5e-acb0-159831a769ed,PROGRESSIVE CORP/OH/,NYSE,,83,211.37,28142895.69,169
0001467858,GM,de5fc535-1cdd-4a57-92ba-ac58a43aed81,General Motors Co,NYSE,,83,88.8,28086655.34,170
0001633917,PYPL,24cbba8c-831b-44e2-8503-dd0c2ed7af8f,"PayPal Holdings, Inc.",NASDAQ,,83,57.2,27924161.85,171
0000033213,EQT,c8d31660-bb30-43c2-8951-b1f740c74ef8,EQT Corp,NYSE,,83,53.28,27581180.34,172
0001601046,KEYS,c12d8862-2ca2-48ca-9fdc-368bace91bd3,"Keysight Technologies, Inc.",NYSE,,83,319.33,27503407.47,173
0000027904,DAL,2cba3bdd-3f2a-4212-b64c-7bff33ad0f39,"DELTA AIR LINES, INC.",NYSE,,83,87.42,27429597.68,174
0001751788,DOW,d59870fe-9add-43f2-960c-b2ec4f29d8d3,DOW INC.,NYSE,,83,30.295,27295583.3,175
0001393818,BX,c9cc0895-bbca-47fb-be9e-e70e4a7eb94d,Blackstone Inc.,NYSE,,83,127.75,27188443.8,176
0000060667,LOW,a6ffe329-5ea3-4bb8-b58a-06ed1432dd50,LOWES COMPANIES INC,NYSE,,83,207.92,26981453.38,177
0001053507,AMT,a148da60-6af9-443b-a3a9-9d3e65eb91e9,AMERICAN TOWER CORP /MA/,NYSE,,83,173.395,26916528.96,178
0001156039,ELV,267f9ea7-eb9a-41cd-946f-5fab57943f0a,"Elevance Health, Inc.",NYSE,,83,375.86,26737887.48,179
0001858681,APO,4493d0ec-797a-4e84-a849-06aa60fb726f,"Apollo Global Management, Inc.",NYSE,,83,125.64,26708716.44,180
0000035527,FITB,94f6f5c6-861b-47fc-b208-1e7765e4a68f,FIFTH THIRD BANCORP,NYSE,,83,56.49,26559457.92,181
0000107263,WMB,b60af993-7490-471e-9926-1cbedb46fcef,"WILLIAMS COMPANIES, INC.",NYSE,,83,71.57,26486568.9,182
0000936468,LMT,6ae1929e-adcd-4de1-9647-25763c8a4548,LOCKHEED MARTIN CORP,NYSE,,83,582.9,26428403.36,183
0001133421,NOC,02deac19-d59b-4b15-ae55-a375e182bffd,NORTHROP GRUMMAN CORP /DE/,NYSE,,83,542.47,26369871.75,184
0000027419,TGT,b70be706-b47c-4dbd-a6a7-4e98ea48c42a,TARGET CORP,NYSE,,83,144.51,26124830.69,185
0001408198,MSCI,0ef68826-b0f7-45b8-b273-8251f7133f0a,MSCI Inc.,NYSE,,83,573.03,26098705.6,186
0000928876,TSEM,e470b824-6d0e-418d-a20e-ea9285ae550e,TOWER SEMICONDUCTOR LTD,NASDAQ,,83,219.425,25942342.66,187
0001058290,CTSH,1c7f101c-4c08-46e9-9f79-60ca13c07e51,COGNIZANT TECHNOLOGY SOLUTIONS CORP,NASDAQ,,83,55.33,25786104.96,188
0001819989,CIFR,723bdaf9-9e77-45d1-b6b5-5a44db902cdd,Cipher Digital Inc.,NASDAQ,,83,22.325,25769542.37,189
0002011641,FERG,655e865c-be38-4f97-9a85-72135ca8a984,Ferguson Enterprises Inc. /DE/,NYSE,,83,234.31,25658466.54,190
0000100517,UAL,98dbc012-8ca2-4e68-b2f7-464fdc9bbf3c,"United Airlines Holdings, Inc.",NASDAQ,,83,121.315,25609463.88,191
0000092230,TFC,0c90392a-7b74-440f-a0a1-125bee898a51,TRUIST FINANCIAL CORP,NYSE,,83,51.85,25509652.34,192
0001571949,ICE,dab97681-1775-47b8-922a-d23a4e50744d,"Intercontinental Exchange, Inc.",NYSE,,83,152.5,25449408.82,193
0000004281,HWM,6f9bf0b0-4114-495f-87e4-720b2db3772a,Howmet Aerospace Inc.,NYSE,,83,282.4,25443677.82,194
0001418135,KDP,88623995-d3b2-41ff-b80d-17a29c51454b,Keurig Dr Pepper Inc.,NASDAQ,,83,31.13,25402357.82,195
0000745732,ROST,adcce409-1666-4ceb-89fa-ecbb458c18ea,"ROSS STORES, INC.",NASDAQ,,83,251.0,25373214.81,196
0000898173,ORLY,c73e2c28-af3f-4f5d-b550-a56b567ed47c,O REILLY AUTOMOTIVE INC,NASDAQ,,83,89.34,25206877.35,197
0000726958,CASY,661997db-e507-415e-9f06-c4c2d9d4227b,CASEYS GENERAL STORES INC,NASDAQ,,83,871.685,24991343.52,198
0000769397,ADSK,a21ecb08-ff55-4c19-94d3-a8d607d91be8,"Autodesk, Inc.",NASDAQ,,83,234.31,24974732.16,199
0000916365,TSCO,6c288372-d98d-496a-b32f-56b65e485246,TRACTOR SUPPLY CO /DE/,NASDAQ,,83,30.77,24822892.08,200
0000048898,HUBB,dbed894a-1189-413b-9825-112179cd244e,HUBBELL INC,NYSE,,83,472.32,24795569.12,201
0000017843,CRS,1e617dc6-0be9-4d1c-a930-e26caa890c52,CARPENTER TECHNOLOGY CORP,NYSE,,83,519.82,24725599.08,202
0000021665,CL,a7dd2d26-59d5-4c85-8449-cd0cb975fd98,COLGATE PALMOLIVE CO,NYSE,,83,91.3,24704809.29,203
0000814547,FICO,9785d232-7b97-43f2-8b4b-6bfb80c0442c,FAIR ISAAC CORP,NYSE,,83,1122.97,24678388.41,204
0000896159,CB,2453845c-4785-46de-b332-6ee2438da196,Chubb Ltd,NYSE,,83,350.885,24636132.04,205
0000874238,STRL,60fa3c1f-5d80-4a33-8234-b801619e2770,"STERLING INFRASTRUCTURE, INC.",NASDAQ,,83,596.82,24618753.83,206
0001086222,AKAM,b8af2065-5072-453b-9d95-5c3934c2fba7,AKAMAI TECHNOLOGIES INC,NASDAQ,,83,115.15,24508641.0,207
0001404912,KKR,17f819cf-891b-478e-9ea3-cb23166c1479,KKR & Co. Inc.,NYSE,,83,101.43,24468127.32,208
0000008670,ADP,6ca2e51d-21df-4ff0-a134-abfdbe084142,AUTOMATIC DATA PROCESSING INC,NASDAQ,,83,266.55,24364796.4,209
0001000697,WAT,4373b822-84c5-4a0b-87f8-428c6e982a1b,WATERS CORP /DE/,NYSE,,83,377.25,24221551.14,210
0000049071,HUM,5acb47e5-91b2-4c34-becd-a320436890d7,HUMANA INC,NYSE,,83,363.85,24172282.86,211
0001017413,CNQ,70876274-5e8f-43cf-8f7d-5330b2eefc13,CANADIAN NATURAL RESOURCES Ltd,NYSE,,83,47.685,24052302.45,212
0001109357,EXC,21a5e17d-c566-4f1b-8c25-0a505ba37478,EXELON CORP,NASDAQ,,83,45.825,23979838.2,213
0001140859,COR,ca56f277-6345-49e3-889a-6a748a4f1c79,"Cencora, Inc.",NYSE,,83,311.925,23959843.29,214
0000202058,LHX,ac11bc30-2788-40f7-9c87-e24734d4dfd9,"L3HARRIS TECHNOLOGIES, INC. /DE/",NYSE,,83,277.09,23841189.27,215
0001876042,CRCL,9af5ec24-875e-4405-992b-b26ef3f0c75c,"Circle Internet Group, Inc.",NYSE,,83,62.575,23797322.64,216
0000072903,XEL,152daa56-fc67-4627-b283-89405b4360fb,XCEL ENERGY INC,NASDAQ,,83,78.23,23785126.65,217
0001404655,HUBS,3d72d152-26f1-46de-9dcc-21133608e633,HUBSPOT INC,NYSE,,83,237.39,23574316.2,218
0000092122,SO,5a71649b-e578-4229-81a3-d3a5c1351dd7,SOUTHERN CO,NYSE,,83,94.6,23550947.53,219
0000354190,AJG,661531e0-6ce1-4238-b3d7-7247ddf8a99c,Arthur J. Gallagher & Co.,NYSE,,83,249.42,23516819.2,220
0000875320,VRTX,357a8404-f368-40a1-9356-3eb500f4f08a,VERTEX PHARMACEUTICALS INC / MA,NASDAQ,,83,477.02,23483236.68,221
0000088941,SMTC,d0562b96-ebf2-4fe8-97b6-ea04cd665dcb,SEMTECH CORP,NASDAQ,,83,117.75,23349066.82,222
0001000184,SAP,55d586fd-4ccc-4c9c-9e07-4f1d18ed298f,SAP SE,NYSE,,83,183.675,23341910.4,223
0001534701,PSX,7655b60d-17f3-4c09-88ec-88feb585487a,Phillips 66,NYSE,,83,211.69,23189549.88,224
0000047217,HPQ,8e341794-40b2-4509-bca8-c7b6fc49eb96,HP INC,NYSE,,83,27.27,23132088.0,225
0001236275,QXO,5ff120be-9b7a-4367-b344-cf85ff3c5bc0,"QXO, Inc.",NYSE,,83,13.295,23099602.88,226
0000015615,MTZ,210c962e-3846-4468-bb99-67905302a7dd,MASTEC INC,NYSE,,83,262.86,23014492.26,227
0001783180,CARR,ca43f7b9-bc0c-4cd5-a930-a4c823be5bb7,CARRIER GLOBAL Corp,NYSE,,83,61.81,22954101.64,228
0001907982,QBTS,874fd311-b46a-42a4-b98e-e57ee1bff8d3,D-Wave Quantum Inc.,NASDAQ,,83,18.055,22857252.32,229
0000721371,CAH,3c1286a9-21d1-45cf-b569-502c86ff121d,CARDINAL HEALTH INC,NYSE,,83,230.01,22838810.4,230
0000821189,EOG,c997b367-2a67-472c-910f-d0324c599cea,EOG RESOURCES INC,NYSE,,83,148.65,22705508.78,231
0001829311,BMNR,f465153d-9f1b-4d1b-88f5-26f55856911d,"BITMINE IMMERSION TECHNOLOGIES, INC.",NYSE,,83,17.27,22698702.46,232
0000898293,JBL,ac8f1019-e8aa-4a5d-9434-97cc688bf606,JABIL INC,NYSE,,83,314.95,22686126.75,233
0000833444,JCI,aa0bfa06-96bb-4fcc-bc56-0aa8a1c0be47,Johnson Controls International plc,NYSE,,83,146.61,22619628.27,234
0000916076,MLM,154033d6-32bc-43e0-8344-9a07e54e7c32,MARTIN MARIETTA MATERIALS INC,NYSE,,83,524.98,22613426.98,235
0000277135,GWW,486a7ad1-ef92-4e1f-a113-3c4a04e29034,"W.W. GRAINGER, INC.",NYSE,,83,1382.23,22550479.38,236
0000849395,CRH,d024d41e-2c7f-46f5-90e1-eee0e5de5a0f,CRH PUBLIC LTD CO,NYSE,,83,94.995,22432821.16,237
0000002809,AEM,0610e7b1-1113-47f5-bc4b-971e0bd5cce4,AGNICO EAGLE MINES LTD,NYSE,,83,145.315,22425630.12,238
0000068505,MSI,dc8a1979-4f40-4e60-bc92-686687c28c43,"Motorola Solutions, Inc.",NYSE,,83,435.835,22392622.0,239
0001099800,EW,0ffbf7a5-d5ed-4e83-8499-2d58645e4d9c,Edwards Lifesciences Corp,NYSE,,83,86.03,22328362.38,240
0001493594,MTSI,6fde6f4a-e547-4017-827e-27f4acb57051,"MACOM Technology Solutions Holdings, Inc.",NASDAQ,,83,251.5,22244096.85,241
0001101302,ENTG,c2b534bd-05d0-419c-a592-5b8934973c00,ENTEGRIS INC,NASDAQ,,83,119.01,22157670.47,242
0001579878,FIG,1d6067de-231e-4f92-a646-34cd7299c8b5,"Figma, Inc.",NYSE,,83,24.33,22109209.92,243
0001090727,UPS,b14caeab-f212-40ee-975a-38b9317e46b1,UNITED PARCEL SERVICE INC,NYSE,,83,104.22,22075413.85,244
0000066740,MMM,b7f45fa8-7969-4ad9-ad77-775880b14278,3M CO,NYSE,,83,176.285,22022722.7,245
0001178670,ALNY,5d676c76-d368-455c-91a5-e349a883ac15,"ALNYLAM PHARMACEUTICALS, INC.",NASDAQ,,83,205.52,21807423.65,246
0001582961,DOCN,df0d964f-f9e7-4a77-a9a9-1d8fc9b2f41d,"DigitalOcean Holdings, Inc.",NYSE,,83,117.51,21777389.85,247
0001447669,TWLO,4831318c-901a-4b29-b508-28ca8ccb2518,TWILIO INC,NYSE,,83,197.385,21733667.58,248
0000713676,PNC,07c40f17-3f00-4792-9262-9fc21c73e9b4,"PNC FINANCIAL SERVICES GROUP, INC.",NYSE,,83,249.87,21724357.1,249
0001805284,RKT,ef398141-5d27-40b3-bfe0-fa7e7ddaefbb,"Rocket Companies, Inc.",NYSE,,83,12.9,21629296.8,250
0001555280,ZTS,5344140c-ca01-4435-8a4a-217d4496bd35,Zoetis Inc.,NYSE,,83,77.25,21604780.86,251
0001069183,AXON,28d765e8-8085-4716-bde2-de0182b644e5,"AXON ENTERPRISE, INC.",NASDAQ,,83,527.38,21581802.0,252
0001144879,APLD,f39e42cd-b178-4015-97f9-76d07b0654e6,Applied Digital Corp.,NASDAQ,,83,27.355,21573377.91,253
0001274494,FSLR,fa06daac-c3f1-409c-bddb-d44c8293e8b3,"FIRST SOLAR, INC.",NASDAQ,,83,211.155,21550933.17,254
0001315098,RBLX,550823f6-8d6f-4a45-91e3-d55ea3f98bb7,Roblox Corp,NYSE,,83,35.63,21545013.6,255
0000865752,MNST,63595036-ec71-4cd5-9979-4997252d23f6,Monster Beverage Corp,NASDAQ,,83,96.38,21457239.36,256
0001834584,CPNG,afa519db-258d-4db5-8b3b-963d92b896a3,"Coupang, Inc.",NYSE,,83,16.36,21419151.25,257
0001024478,ROK,4039d327-5ab5-4040-8920-b23ab2e669b2,"ROCKWELL AUTOMATION, INC",NYSE,,83,480.27,21302449.6,258
0001390777,BNY,64d27c2a-18a1-4848-b205-73b5d428d5f9,Bank of New York Mellon Corp,NYSE,,83,156.46,21294594.09,259
0000759944,CFG,199cb7ce-8ed9-4d04-8270-a1ad319d5a6b,CITIZENS FINANCIAL GROUP INC/RI,NYSE,,83,71.63,21043438.78,260
0001013871,NRG,0181e333-c29a-4f7f-94f4-64884b17934a,"NRG ENERGY, INC.",NYSE,,83,134.315,20886477.54,261
0001539838,FANG,f93d78b0-c2ec-4d9c-bcae-ca77ebce4844,"Diamondback Energy, Inc.",NASDAQ,,83,203.0,20885751.24,262
0001839341,CORZ,3ea87bfa-bfe4-4629-b695-2aee123e921a,"Core Scientific, Inc./tx",NASDAQ,,83,20.7,20850324.6,263
0000878927,ODFL,5e255d55-471d-45fc-ad7a-65c904018bf2,"OLD DOMINION FREIGHT LINE, INC.",NASDAQ,,83,212.09,20787789.26,264
0001650164,TOST,345fc677-4a38-4d2f-8efd-a86fea2a3903,"Toast, Inc.",NYSE,,83,32.27,20751384.85,265
0001506307,KMI,e47acf22-5340-477a-a3ac-020b1ed34d12,"KINDER MORGAN, INC.",NYSE,,83,32.17,20562937.2,266
0000032604,EMR,812453a9-6ec4-4edb-a1d6-7f08a987ba23,EMERSON ELECTRIC CO,NYSE,,83,149.825,20556972.0,267
0000823768,WM,15110ac1-3d55-4832-bb54-f59ed4abeed1,WASTE MANAGEMENT INC,NYSE,,83,226.66,20517070.86,268
0001167419,RIOT,a2066a09-3c46-4b9c-969a-0a8c62c38080,"Riot Platforms, Inc.",NASDAQ,,83,20.17,20467220.79,269
0001297996,DLR,ab1c95a1-cb3b-4eb0-83bd-d4a0cd608b0b,"DIGITAL REALTY TRUST, INC.",NYSE,,83,188.51,20436727.35,270
0001396009,VMC,fc9c62fa-c635-41c8-8b58-9695c01d146d,Vulcan Materials CO,NYSE,,83,268.61,20432298.81,271
0001442145,VRSK,b297eda9-133d-4f92-80ff-9e55f7c8ee8b,"Verisk Analytics, Inc.",NASDAQ,,83,194.88,20426500.64,272
0000874716,IDXX,3988b92e-b5ee-449e-a83a-a04bbdf18cff,IDEXX LABORATORIES INC /DE,NASDAQ,,83,559.01,20394817.44,273
0000040704,GIS,e2fe0a11-d58e-4b4e-a847-e560fee24a94,GENERAL MILLS INC,NYSE,,83,35.77,20390047.14,274
0000067347,MOD,2dd3d33c-2225-4649-bd79-ef983e57dbcd,MODINE MANUFACTURING CO,NYSE,,83,201.07,20215094.06,275
0001739940,CI,16af176c-d616-41d8-8a5a-b40c326e050e,Cigna Group,NYSE,,83,279.03,20146963.29,276
0000901832,AZN,7b60bc3b-8715-4e23-a5df-19642434f7a7,ASTRAZENECA PLC,NYSE,,83,169.61,20124207.98,277
0001091667,CHTR,596b0016-1d8d-4e2e-9ab3-bfe7514b6be8,"CHARTER COMMUNICATIONS, INC. /MO/",NASDAQ,,83,144.9,20109485.75,278
0001045609,PLD,32d00bae-5f6a-4712-9c18-3a007524fa3f,"Prologis, Inc.",NYSE,,83,144.71,20095701.6,279
0000946581,TTWO,46502bdb-1f73-48cd-a9e7-e194d1d6938d,TAKE TWO INTERACTIVE SOFTWARE INC,NASDAQ,,83,242.925,20027065.05,280
0000010795,BDX,419e89a6-efe2-4773-ba4f-1bf5dca33cb2,BECTON DICKINSON & CO,NYSE,,83,165.67,19997244.74,281
0000056873,KR,e54335e7-7483-46e5-8410-2dfff00e98bb,KROGER CO,NYSE,,83,57.7,19877627.7,282
0000029534,DG,2edb3ef9-b5d8-4667-be8f-334884498ac9,DOLLAR GENERAL CORP,NYSE,,83,127.095,19859439.25,283
0001104506,INSM,ca508e2e-ebcd-443a-9b9c-15aa4d3f2b53,INSMED Inc,NASDAQ,,83,98.585,19736676.3,284
0001393052,VEEV,bdc58c3a-9c7e-4ef9-b2ec-d61f14c84bd0,VEEVA SYSTEMS INC,NYSE,,83,203.82,19658639.88,285
0000855658,LSCC,b342d8dd-3483-43f3-9f9b-2591a14ef2aa,LATTICE SEMICONDUCTOR CORP,NASDAQ,,83,124.285,19644345.36,286
0000726728,O,c1de0f49-b6d3-4636-ab9b-5aed83596918,REALTY INCOME CORP,NYSE,,83,63.875,19523273.31,287
0001324424,EXPE,3e3bbdb0-d6a4-4db1-8fbb-133f75fd4f66,"Expedia Group, Inc.",NASDAQ,,83,294.805,19509169.13,288
0000047111,HSY,d8b2fc19-67b0-4dc4-b84e-648aeced6b96,HERSHEY CO,NYSE,,83,174.935,19451011.68,289
0001944048,KVUE,3bded6a8-55f6-40d0-8157-1d2eb50cf7d8,Kenvue Inc.,NYSE,,83,19.23,19414486.46,290
0001604821,NTRA,acdc828b-f33a-40e9-a5e4-863d813e897c,"Natera, Inc.",NASDAQ,,83,267.71,19377504.72,291
0001060391,RSG,f250c025-bde8-4113-9e27-04cd1c889037,"REPUBLIC SERVICES, INC.",NYSE,,83,210.58,19371065.26,292
0001116942,TTMI,bbceaf87-e36a-4d90-a3d1-185d5142e690,TTM TECHNOLOGIES INC,NASDAQ,,83,115.34,19315386.32,293
0001513761,NCLH,81f61b55-adee-402e-87d4-7b49579e2338,Norwegian Cruise Line Holdings Ltd.,NYSE,,83,18.52,19287061.36,294
0000086312,TRV,af898beb-7df0-4dea-8b02-d6c5f4f70137,"TRAVELERS COMPANIES, INC.",NYSE,,83,374.36,19284635.25,295
0000917851,VALE,fd03066c-16d8-4eff-8c72-16ce1c44e38d,Vale S.A.,NYSE,,83,15.05,19150092.0,296
0000815556,FAST,009c65c9-8abe-49b9-b481-dfeecb67d116,FASTENAL CO,NASDAQ,,83,47.715,19129981.44,297
0000704532,ONTO,55915b08-afb5-44fe-8668-821f8eb1ed34,ONTO INNOVATION INC.,NYSE,,83,258.57,19129831.63,298
0001335258,LYV,b9f7677c-965f-4074-b87b-cea5c848b6ce,"Live Nation Entertainment, Inc.",NYSE,,83,174.185,19044707.57,299
0000049826,ITW,399a368e-f430-4a40-bd27-a046ea7bc0d9,ILLINOIS TOOL WORKS INC,NYSE,,83,287.005,19026027.68,300
0001176948,ARES,849c6721-e693-4bd9-9d04-8d924fccfc3e,Ares Management Corp,NYSE,,83,128.25,19002252.59,301
0000002969,APD,57ca9916-468b-4c77-8be7-2495a7c17df2,"Air Products & Chemicals, Inc.",NYSE,,83,294.9,18914129.31,302
0001093557,DXCM,8dd538ed-bf95-4b22-a6c7-e6f01131d65d,DEXCOM INC,NASDAQ,,83,83.46,18737879.95,303
0001637459,KHC,df014db2-72a2-4686-be56-e3cdc15efb71,Kraft Heinz Co,NASDAQ,,83,25.855,18541886.56,304
0001590364,FTAI,c9f9e546-3ccc-4236-b7b9-3839158b7554,FTAI Aviation Ltd.,NASDAQ,,83,206.0,18444074.32,305
0000105634,EME,0cf9d955-34f7-4d17-8286-29a0aecac17f,"EMCOR Group, Inc.",NYSE,,83,797.79,18355431.27,306
0000049196,HBAN,c4e4715c-44f9-4e5a-9663-be3b72e767b8,HUNTINGTON BANCSHARES INC /MD/,NASDAQ,,83,17.025,18313269.96,307
0000031462,ECL,b636b9b8-669c-4788-a0eb-ff5f6ea7f09e,ECOLAB INC.,NYSE,,83,277.66,18266877.47,308
0000033185,EFX,1fa4e2fb-538e-4ed6-b548-f2c591f1fb5d,EQUIFAX INC,NYSE,,83,172.79,18238975.92,309
0000016918,STZ,b459fd90-e740-4de1-b2e2-ecf548a51faf,"CONSTELLATION BRANDS, INC.",NYSE,,83,130.23,18207993.64,310
0001037646,MTD,51fa61cb-6769-4e6e-b721-69348ce359f5,METTLER TOLEDO INTERNATIONAL INC/,NYSE,,83,1416.08,18195228.68,311
0001033767,UMC,b27c9c18-8f41-44ef-abec-d5bbd444217a,UNITED MICROELECTRONICS CORP,NYSE,,83,19.025,18169155.98,312
0001489393,LYB,ef918bdf-cce8-4282-b7f4-ac24b881f7e3,LyondellBasell Industries N.V.,NYSE,,83,62.06,18094071.58,313
0001585521,ZM,c2963936-2b0f-4eae-a0cc-dc28d3b33885,"Zoom Communications, Inc.",NASDAQ,,83,96.15,18080412.9,314
0001403568,ULTA,2e3d3b75-58cc-40f5-bf12-b73da8aac3d3,"Ulta Beauty, Inc.",NASDAQ,,83,512.99,18051583.74,315
0001874178,RIVN,f1aaf4b2-9bc5-43ea-b56d-4341a680b775,"Rivian Automotive, Inc. / DE",NASDAQ,,83,15.22,18024861.14,316
0001043277,CHRW,bdb9e72b-fe14-42fa-a784-aa451745bf12,"C. H. ROBINSON WORLDWIDE, INC.",NASDAQ,,83,147.75,17900623.29,317
0001475260,CVE,405cbd4d-c9dd-4516-a7f1-f48cd48e7454,CENOVUS ENERGY INC.,NYSE,,83,30.175,17836479.42,318
0001002047,NTAP,d37df28f-5646-48c8-99cc-4d0c9a5ec9ff,"NetApp, Inc.",NASDAQ,,83,178.6,17801123.34,319
0001166003,XPO,f9d55f85-5125-43a6-8cb6-7c8b3c49bbc4,"XPO, Inc.",NYSE,,83,200.97,17667088.2,320
0000927003,AEIS,80149eab-4700-4a98-ba25-2fff713c38ca,ADVANCED ENERGY INDUSTRIES INC,NASDAQ,,83,289.73,17613649.2,321
0001381197,IBKR,a2d428df-103b-4db0-b0b0-6d2c826b840c,"Interactive Brokers Group, Inc.",NASDAQ,,83,87.97,17612825.58,322
0000311337,SU,c957d5c0-829d-413f-842c-a295d465f1d0,SUNCOR ENERGY INC,NYSE,,83,67.27,17577925.75,323
0001713683,ZS,8b059378-e1d0-422c-b80e-157b34700dd6,"Zscaler, Inc.",NASDAQ,,83,151.215,17516375.36,324
0001389170,TRGP,f0f1e55c-fad1-4dcb-84d9-2d9f9e45d1f5,Targa Resources Corp.,NYSE,,83,270.5,17496551.34,325
0001397911,LPLA,d832044a-f4ff-4cb9-8a80-5afcf404854d,LPL Financial Holdings Inc.,NASDAQ,,83,353.5,17451027.54,326
0001001085,BN,b4ce5e01-97f4-468a-b157-439ee3eecdf1,BROOKFIELD Corp /ON/,NYSE,,83,42.54,17443151.17,327
0001478242,IQV,b8a3bd96-7724-467b-b044-92a6f6d84fce,IQVIA HOLDINGS INC.,NYSE,,83,235.125,17405257.6,328
0000215466,CDE,74f7cda3-433d-4597-bf2c-b6e7782133d6,"Coeur Mining, Inc.",NYSE,,83,14.92,17285792.5,329
0001286681,DPZ,aa3236c8-f2d6-40f1-a20d-b4cc69bffae8,DOMINOS PIZZA INC,NASDAQ,,83,347.6,17279599.32,330
0001492691,KNX,ec96b970-0e83-4eb1-9aac-183be96be5e2,Knight-Swift Transportation Holdings Inc.,NYSE,,83,69.565,17270347.96,331
0000108312,WWD,c1f33411-cce6-496a-a6bf-4022abecfa8a,"Woodward, Inc.",NASDAQ,,83,360.62,17247980.75,332
0000820027,AMP,764073e3-4e48-4a2c-aee2-45b0a0dfb9cc,AMERIPRISE FINANCIAL INC,NYSE,,83,546.21,17240420.52,333
0000040533,GD,2430989b-3b12-4bff-9927-870040f8122a,GENERAL DYNAMICS CORP,NYSE,,83,383.79,17188025.76,334
0001004980,PCG,664ebe22-dc75-49a3-b36b-e524f9ef167d,PG&E Corp,NYSE,,83,17.38,17132575.23,335
0001018963,ATI,97ec1eec-a5c8-4206-9401-e34e931d21fd,ATI INC,NYSE,,83,187.47,17068230.24,336
0001883685,DKNG,62c0a014-19a8-405e-9c1e-a8f86422c1b0,DraftKings Inc.,NASDAQ,,83,23.49,17022159.85,337
0000701818,KGC,76b615bb-4a70-44f0-b330-9524a0b05aec,KINROSS GOLD CORP,NYSE,,83,23.08,16992260.46,338
0001089063,DKS,0296ed19-64af-41ac-b20f-c65a8f6a5496,"DICK'S SPORTING GOODS, INC.",NYSE,,83,195.84,16976490.0,339
0001324404,CF,cf8836c1-434e-4ab0-aec3-eff774d90c4e,"CF Industries Holdings, Inc.",NYSE,,83,125.195,16961495.04,340
0001512673,XYZ,3bd2f8c7-ceb9-4916-8a1e-4bcf3654efd9,"Block, Inc.",NYSE,,83,81.27,16947694.02,341
0001122411,ASX,08233bb4-4948-4d18-b742-294f3b0e9fba,"ASE Technology Holding Co., Ltd.",NYSE,,83,35.165,16900142.6,342
0001622536,TLN,acc5d0de-08e1-48b3-9d3f-c96f6cc2264e,Talen Energy Corp,NASDAQ,,83,334.15,16792848.93,343
0001136893,FIS,e961359b-17b7-4d9e-a246-a6fa732a07e6,"Fidelity National Information Services, Inc.",NYSE,,83,44.77,16769406.91,344
0000093751,STT,38d1f1ae-38a3-49fc-bcb7-909d0011ef26,STATE STREET CORP,NYSE,,83,184.21,16669521.56,345
0001451809,SITM,b93dcd3e-f766-4d6c-ad4f-3fd5b9559690,SITIME Corp,NASDAQ,,83,535.06,16657337.55,346
0001051470,CCI,dd72d233-d85d-499d-9dc4-4b407bcdb734,CROWN CASTLE INC.,NYSE,,83,76.33,16625938.88,347
0000899051,ALL,9f5ab4fb-335d-41ef-83d9-4d0abbd61fde,ALLSTATE CORP,NYSE,,83,264.27,16606511.01,348
0001116132,TPR,b599b102-254e-4a5c-838d-8cf26857e562,"TAPESTRY, INC.",NYSE,,83,152.36,16551918.12,349
0001681459,FTI,3da39dd1-747d-4b23-99ab-e59c22a69ab7,TechnipFMC plc,NYSE,,83,71.665,16478452.8,350
0000055785,KMB,5ca2cc07-2657-4769-9491-1c89b5f58a76,KIMBERLY CLARK CORP,NASDAQ,,83,109.26,16474838.4,351
0001041061,YUM,932a2ac2-9eba-47f1-932a-0ce1408c3683,YUM BRANDS INC,NYSE,,83,153.31,16369279.56,352
0001281761,RF,19abae8d-4f7b-402f-8d36-6418b3c79544,REGIONS FINANCIAL CORP,NYSE,,83,30.95,16299831.06,353
0001326160,DUK,42f7b895-93aa-48d4-909e-6e05ad6bd2ca,Duke Energy CORP,NYSE,,83,125.37,16168818.39,354
0000882835,ROP,23e965be-de5f-44cd-8e2c-b4fbbea0ec9c,ROPER TECHNOLOGIES INC,NASDAQ,,83,391.99,16165779.25,355
0001103838,IBN,d4c735dd-ab6a-4f96-ad59-fc2e2dbff6c9,ICICI BANK LTD,NYSE,,83,29.98,16162163.92,356
0000082811,RRX,ddfacc31-3cac-43cb-8bb7-d4ba26c064f4,REGAL REXNORD CORP,NYSE,,83,205.25,16146339.35,357
0001720635,NVT,a763ff7a-3c2c-4b50-9d38-1e1a0572fe4e,nVent Electric plc,NYSE,,83,153.97,16019627.98,358
0000075362,PCAR,29e34616-a842-4a30-908c-32eddd0c7e23,PACCAR INC,NASDAQ,,83,132.69,16012231.1,359
0001745201,VIK,11e2e2fe-0065-4508-913d-6af1b43fb9d9,Viking Holdings Ltd,NYSE,,83,104.24,15977174.1,360
0001579298,BURL,e00cd19c-7957-4a0b-872f-b5f43abd2244,"Burlington Stores, Inc.",NYSE,,83,368.97,15951997.88,361
0000882184,DHI,d8cb1b90-e8bd-4c75-beb3-0b2909eb9a75,HORTON D R INC /DE/,NYSE,,83,143.035,15918094.08,362
0000728535,JBHT,c201b764-a9a6-4a73-bed2-d25202fd0b62,HUNT J B TRANSPORT SERVICES INC,NASDAQ,,83,271.66,15902671.2,363
0000922224,PPL,2ebe177b-c523-4c1f-9276-8f0759a67a52,PPL Corp,NYSE,,83,35.2,15866807.5,364
0001810806,U,914dfaf2-1ddc-4b87-9695-8001a7beed9e,Unity Software Inc.,NYSE,,83,31.71,15848087.43,365
0002080126,FPS,c4f791e4-a144-435d-bcbd-3ad5cb11aedb,"Forgent Power Solutions, Inc.",NYSE,,83,33.265,15843553.2,366
0001130310,CNP,0666dd39-e7df-4e09-90e6-bd1a2b42a3c1,CENTERPOINT ENERGY INC,NYSE,,83,42.05,15834552.16,367
0001773383,DT,ec758e9f-503a-469e-a8b0-a3f27fe99316,"Dynatrace, Inc.",NYSE,,83,44.32,15820822.12,368
0000092380,LUV,e930cf4f-6b04-4a7e-85e6-ad1b01cd3c17,SOUTHWEST AIRLINES CO,NYSE,,83,44.96,15809254.17,369
0001616707,W,322ddf50-6705-413e-99a3-b97af39d5a14,Wayfair Inc.,NYSE,,83,84.91,15718212.44,370
0001576280,GH,d009b37d-8924-4516-af7f-6c382df32d16,"Guardant Health, Inc.",NASDAQ,,83,161.87,15677769.53,371
0000895126,EXE,ae7b5317-8b41-41df-b7f8-22c4de74b832,EXPAND ENERGY Corp,NASDAQ,,83,94.03,15665802.57,372
0000105770,WST,b20d6720-9f3a-4999-b04b-2df846ebd64a,WEST PHARMACEUTICAL SERVICES INC,NYSE,,83,341.01,15626394.96,373
0001821769,NVTS,c246693f-d7ef-449d-b026-9962de4d5d79,Navitas Semiconductor Corp,NASDAQ,,83,10.83,15530028.79,374
0001177609,FIVE,d7f959ac-c012-4c20-8806-e47817a89eaa,"FIVE BELOW, INC",NASDAQ,,83,216.93,15519673.26,375
0001699150,IR,b33b4a2e-b930-48da-946c-568ef91f3dab,Ingersoll Rand Inc.,NYSE,,83,83.4,15496929.27,376
0000940944,DRI,c7b69e61-c23f-4135-a113-8f4efe3e7d6e,DARDEN RESTAURANTS INC,NYSE,,83,203.865,15425796.03,377
0001318220,WCN,fd6bb024-f31b-47df-a53a-49e8e8e3a37f,"Waste Connections, Inc.",NYSE,,83,167.38,15388996.8,378
0000935703,DLTR,d0d63992-2d20-4f63-aa62-30cf76fb3204,"DOLLAR TREE, INC.",NASDAQ,,83,127.13,15371467.65,379
0001037038,RL,fbb8f455-52fc-4b2e-850e-ee30fe76f494,RALPH LAUREN CORP,NYSE,,83,380.7,15359639.75,380
0000004127,SWKS,b2b91a9b-3ecd-45ed-bf53-1f7d0613e1e8,"SKYWORKS SOLUTIONS, INC.",NASDAQ,,83,62.3,15340139.34,381
0000798354,FISV,215f4297-91ff-4226-a690-c9add0ffc9ac,FISERV INC,NASDAQ,,83,53.93,15311611.8,382
0000217410,UL,65964f6f-23ea-4513-9983-4f68aa58bdf0,UNILEVER PLC,NYSE,,83,63.44,15288518.43,383
0001071739,CNC,67956c95-90f3-4316-8dcf-56f8aa497dcb,CENTENE CORP,NYSE,,83,62.19,15229152.65,384
0001120193,NDAQ,cd5c9e8e-df7c-435b-b301-c75eae954069,"NASDAQ, INC.",NASDAQ,,83,94.19,15219066.22,385
0000723254,CTAS,61f340d1-ed59-405d-ad94-8f2ec9d470ea,CINTAS CORP,NASDAQ,,83,204.59,15100799.67,386
0000723531,PAYX,aaaaa8a6-79b2-4090-95df-45276d1f4d74,PAYCHEX INC,NASDAQ,,83,116.87,14961117.51,387
0000740260,VTR,a760766c-8c49-4886-85af-990e47f9d78a,"Ventas, Inc.",NYSE,,83,93.56,14888594.01,388
0001110803,ILMN,77832354-b542-4769-b168-1ee930e2d2e9,"ILLUMINA, INC.",NASDAQ,,83,205.1,14872767.91,389
0000073309,NUE,3c3a99ab-4500-4f14-8f23-50a01d3019b1,NUCOR CORP,NYSE,,83,257.42,14772086.4,390
0001755672,CTVA,fc0da839-9b1d-4c5e-ac1a-148c774d1c1f,"Corteva, Inc.",NYSE,,83,78.71,14646609.95,391
0001047127,AMKR,f5021fca-425e-4b09-af64-deb575d21931,"AMKOR TECHNOLOGY, INC.",NASDAQ,,83,49.84,14644131.23,392
0001665918,USFD,1ce62851-10a6-48f3-8dc5-15e85fe9d691,US Foods Holding Corp.,NYSE,,83,100.61,14548842.84,393
0001144967,HDB,890ae963-1fcb-4122-9d89-1d96e5028b5d,HDFC BANK LTD,NYSE,,83,23.92,14541627.42,394
0001009001,CCJ,bb802c69-9df2-42ab-9b9c-058698d7617b,CAMECO CORP,NYSE,,83,86.355,14442606.42,395
0001773751,HIMS,7b97d03e-81d8-4d18-95db-835d828faa44,"Hims & Hers Health, Inc.",NYSE,,83,27.775,14425698.78,396
0000091576,KEY,f7623733-d5b7-4d6b-b04a-fedeed0f2e64,KEYCORP /NEW/,NYSE,,83,22.59,14413305.3,397
0000943819,RMD,ee55892a-1ff0-4ede-87e4-ad5aa5998044,RESMED INC,NYSE,,83,211.0,14392768.0,398
0001145197,PODD,e82d6760-0cbc-4838-87e3-4df6dce97721,INSULET CORP,NASDAQ,,83,165.32,14371908.75,399
0000096021,SYY,090b7913-4370-43eb-a42c-9af8400bc09d,SYSCO CORP,NYSE,,83,85.24,14332930.46,400
0000929008,WCC,ed5f5e16-049a-4d94-b536-5b255f59fe9f,WESCO INTERNATIONAL INC,NYSE,,83,343.46,14322404.72,401
0000719955,WSM,2820b0fc-1249-44d4-b749-18378cec217c,WILLIAMS SONOMA INC,NYSE,,83,228.56,14262882.66,402
0001393311,PSA,5df9640c-c98a-4bd8-b5c5-2f2afc8a8a26,Public Storage,NYSE,,83,324.18,14231292.45,403
0000029989,OMC,1f80b3e7-c5a9-41c1-90e8-454620f6c568,OMNICOM GROUP INC.,NYSE,,83,78.73,14226435.84,404
0001932393,GEHC,76875bee-ba49-437b-9d94-e4bf1277249f,GE HealthCare Technologies Inc.,NASDAQ,,83,68.03,14204323.64,405
0002082247,FDXF,7785f942-14e8-49e4-b554-262c05fe9649,"FedEx Freight Holding Company, Inc.",NYSE,,43,140.57,14203068.1,406
0000915913,ALB,90771657-de50-427a-9042-6b257dae4b7d,ALBEMARLE CORP,NYSE,,83,117.68,14155451.82,407
0001022671,STLD,4cbeae28-abb2-4b2c-9fc2-acd8cae641d9,STEEL DYNAMICS INC,NASDAQ,,83,251.05,14062911.85,408
0000886986,TECK,80d621e5-503a-49fa-a9aa-b833dc5976e8,TECK RESOURCES LTD,NYSE,,83,60.25,13958871.36,409
0000070318,THC,9c2cabe4-38b6-4d88-820f-442b11864eeb,TENET HEALTHCARE CORP,NYSE,,83,254.815,13948959.0,410
0001069202,LII,93b14f86-b2ed-4d2b-ad69-490922938b5f,LENNOX INTERNATIONAL INC,NYSE,,83,415.825,13942497.6,411
0001573516,MUSA,f6e58946-f57b-44a7-a79f-aa8f198aed92,Murphy USA Inc.,NYSE,,83,608.53,13896679.3,412
0001090872,A,7595a8d2-68a6-46d7-910c-6b1958491f5c,"AGILENT TECHNOLOGIES, INC.",NYSE,,83,138.35,13889083.95,413
0001658566,PR,fc8a7a13-519c-43e5-9d86-469d4dbf07f2,Permian Resources Corp,NYSE,,83,21.295,13808874.92,414
0001031296,FE,8dd27fb6-29cc-43ae-9aae-70edee0e2069,FIRSTENERGY CORP,NYSE,,83,48.31,13769543.88,415
0001849056,OKLO,db1fa611-b4eb-4644-bc78-e9dce334218f,Oklo Inc.,NYSE,,83,38.83,13767877.25,416
0001601712,SYF,981f70e6-3263-46df-ae90-283910e259c8,Synchrony Financial,NYSE,,83,75.78,13710789.52,417
0001889539,CRBG,d3d6053b-ede4-4b76-8b36-d8b42c632c9d,"Corebridge Financial, Inc.",NYSE,,83,31.19,13700311.87,418
0000801337,WBS,bd478897-431e-49f2-be59-e586b75fcaba,WEBSTER FINANCIAL CORP,NYSE,,83,77.25,13624152.08,419
0001957132,SN,bcad3630-552a-40a8-b880-504df0b89f75,"SharkNinja, Inc.",NYSE,,83,161.78,13462583.29,420
0001063761,SPG,abda5459-cb41-44a7-85bb-c94d32ea7d93,SIMON PROPERTY GROUP INC.,NYSE,,83,229.365,13436756.96,421
0001094285,TDY,7e17b48e-68ff-483b-8968-2df4892b4ed4,TELEDYNE TECHNOLOGIES INC,NYSE,,83,655.99,13436399.55,422
0001397187,LULU,31aa3cfa-8925-4cbc-98bc-74f411b7f17c,lululemon athletica inc.,NASDAQ,,83,118.89,13420594.71,423
0001001250,EL,4cdbdf28-5c76-463f-bce0-23bcb2d3bb49,ESTEE LAUDER COMPANIES INC,NYSE,,83,83.8,13407592.86,424
0001474735,GNRC,d249df15-5475-4218-af2d-9d7b8fc31b73,GENERAC HOLDINGS INC.,NYSE,,83,197.14,13387570.82,425
0000051434,IP,d40b732c-72ca-44e0-a156-28ce00086458,INTERNATIONAL PAPER CO /NEW/,NYSE,,83,40.81,13364107.68,426
0001734722,PATH,b839dd23-cd51-4d0f-8352-7a14b517391c,"UiPath, Inc.",NYSE,,83,12.77,13349049.0,427
0001099219,MET,00e5cd6a-c370-4d72-86d2-fef5353aa17a,METLIFE INC,NYSE,,83,96.13,13330019.36,428
0000811156,CMS,cfae5876-5fd7-43ec-8daf-d583ef094a8b,CMS ENERGY CORP,NYSE,,83,71.98,13263331.12,429
0001070750,HST,8c16ddb4-4722-4c02-848d-e9f022ae0c35,"HOST HOTELS & RESORTS, INC.",NASDAQ,,83,25.13,13241311.2,430
0001039684,OKE,1b3dea47-c70a-4a67-8c2d-a2007d06d8cd,ONEOK INC /NEW/,NYSE,,83,90.8,13238436.08,431
0000065984,ETR,c4bcff4e-c3b0-481a-a9eb-98600db2ef0a,ENTERGY CORP /DE/,NYSE,,83,107.63,13223410.4,432
0000103730,VSH,98d833d8-2c47-4c76-938e-2cf546e8debe,VISHAY INTERTECHNOLOGY INC,NYSE,,83,34.18,13219002.56,433
0002007855,VG,1787e915-a920-46c9-a2c3-71cf784d02a2,"Venture Global, Inc.",NYSE,,83,13.38,13194122.8,434
0000016875,CP,143fc802-6cb5-4905-9161-dbaf899d283a,CANADIAN PACIFIC KANSAS CITY LTD/CN,NYSE,,83,88.885,13191793.16,435
0000917273,RMBS,8587f17d-56fd-4d45-a3bf-5265710bdcce,RAMBUS INC,NASDAQ,,83,90.995,13168427.58,436
0001082554,UTHR,3b64ccc6-1346-4920-a98a-313cd9dd0311,UNITED THERAPEUTICS Corp,NASDAQ,,83,517.52,13094684.96,437
0000719413,HL,b93c37d4-b4b6-472a-9e64-966bfe39aa24,HECLA MINING CO/DE/,NYSE,,83,14.115,13065628.35,438
0001037868,AME,6642e128-03ee-4bc9-bd3f-8f49424480d7,AMETEK INC/,NYSE,,83,241.75,13065452.0,439
0001138118,CBRE,19020a7c-7741-401b-8422-37ad25d044b7,"CBRE GROUP, INC.",NYSE,,83,146.74,13015551.19,440
0001001838,SCCO,c1ca828d-445f-4787-8e1c-5b6701e76f9c,SOUTHERN COPPER CORP/,NYSE,,83,182.64,12988365.0,441
0000702165,NSC,477b4ce8-cdd7-48b8-9c40-e64e37bbeadd,NORFOLK SOUTHERN CORP,NYSE,,83,335.65,12917382.59,442
0001032208,SRE,8deb7c67-def6-49e9-aace-9d628260a100,SEMPRA,NYSE,,83,88.56,12915430.35,443
0000863064,RIO,cd39ef11-b2f3-4b65-a655-a067e717fd6a,RIO TINTO PLC,NYSE,,83,96.83,12904208.8,444
0001289460,TXRH,5e141c15-f1b5-41bd-93aa-d0d9852f6436,"Texas Roadhouse, Inc.",NASDAQ,,83,205.415,12901739.94,445
0001159152,JHX,45163e2f-0772-4a06-8439-7f2ec3b859e6,James Hardie Industries plc,NYSE,,83,26.29,12880439.04,446
0001132597,ITUB,2963234b-6741-47b4-ab67-a91c88392c62,Itau Unibanco Holding S.A.,NYSE,,83,8.46,12821383.38,447
0001288469,MXL,8057a280-5ebc-414e-bf77-c2771c4d481b,"MAXLINEAR, INC",NASDAQ,,83,66.84,12806318.72,448
0001618756,QSR,0a720620-4074-49a1-bc68-24874d348160,Restaurant Brands International Inc.,NYSE,,83,73.985,12805338.6,449
0000703351,EAT,1aa6ed0a-8b76-46d3-b58a-177e5d95a585,"BRINKER INTERNATIONAL, INC",NYSE,,83,213.66,12771537.21,450
0001675149,AA,3ca0202f-01f4-41a0-bb0c-c8864e767ebd,Alcoa Corp,NYSE,,83,45.24,12725330.43,451
0001285785,MOS,6c285ed0-024c-47f7-9e2a-8fb08e6913ac,MOSAIC CO,NYSE,,83,22.11,12697255.97,452
0001111711,NI,11c19425-9801-44b2-aabb-b1871d1aaef9,NISOURCE INC.,NYSE,,83,44.435,12691676.27,453
0001636222,WING,50408328-fa0d-4eed-bac5-dae4dc55d50a,Wingstop Inc.,NASDAQ,,83,129.385,12690634.56,454
0000860731,TYL,7552c82a-3b95-4f4d-afb5-98c024a5c9ca,TYLER TECHNOLOGIES INC,NYSE,,83,309.555,12559823.12,455
0001177394,SNX,21ccc0ec-662b-44c8-9bc4-0181fb5c6944,TD SYNNEX CORP,NYSE,,83,255.71,12513720.4,456
0001433270,AR,9909bb5d-3381-4f5a-aed1-5c9dbae24bec,ANTERO RESOURCES Corp,NYSE,,83,36.15,12509178.44,457
0000818686,TEVA,95e97b45-6a39-4c20-bf89-26618ddf8019,TEVA PHARMACEUTICAL INDUSTRIES LTD,NYSE,,83,35.0,12435948.72,458
0001175454,CPAY,d9d20f68-0a16-493e-9c0c-324ec90edb6c,"CORPAY, INC.",NYSE,,83,382.15,12425387.84,459
0001528396,GWRE,d2a584ce-3b38-4a13-a660-75a591a3e540,"Guidewire Software, Inc.",NYSE,,83,151.75,12363159.75,460
0001635327,FLUT,4ebc17de-3948-451c-924a-fcc51c6b04bf,Flutter Entertainment plc,NYSE,,83,104.42,12340348.68,461
0001822966,SMR,c582a58d-f7ff-43a5-b37d-82a862fa5314,NUSCALE POWER Corp,NYSE,,83,8.44,12316565.96,462
0001709048,GFS,af70d056-9fbb-4df4-ad27-3977bd3a9b47,GLOBALFOUNDRIES Inc.,NASDAQ,,83,49.96,12296704.35,463
0001323404,WPM,e1df637f-a75f-4bf3-bc52-d7f8084c7ccd,Wheaton Precious Metals Corp.,NYSE,,83,108.99,12291513.18,464
0000005272,AIG,1ca76fea-6487-4cde-a341-07517b3286a0,"AMERICAN INTERNATIONAL GROUP, INC.",NYSE,,83,78.565,12273421.32,465
0000067215,DY,87832558-1723-4d1c-abed-85bfcf69c336,DYCOM INDUSTRIES INC,NYSE,,83,400.92,12263902.18,466
0000007084,ADM,41e7c72d-bf5f-4ff9-9813-387ef5038cf3,Archer-Daniels-Midland Co,NYSE,,83,79.22,12178935.6,467
0001451505,RIG,9c66fec6-a784-46a0-b154-72f32c8a9798,Transocean Ltd.,NYSE,,83,5.315,12160372.79,468
0000021076,CLX,e546b55a-77d5-4e6c-b588-0aeaa20bd2b3,CLOROX CO /DE/,NYSE,,83,95.53,12153396.36,469
0001766502,CHWY,9f2fea8f-e5bf-4649-ad2f-76224c8a141b,"Chewy, Inc.",NYSE,,83,22.6,12036697.53,470
0000764478,BBY,a5a7a7b7-5a80-44c6-8051-989b3bb4a1c2,BEST BUY CO INC,NYSE,,83,86.18,12011603.86,471
0001705696,VICI,bfcbfab2-0716-4847-b7f3-a7bed178e479,VICI PROPERTIES INC.,NYSE,,83,26.37,11985295.4,472
0001823945,OWL,c8fbe576-d266-412d-baa7-07b175a7775d,BLUE OWL CAPITAL INC.,NYSE,,83,10.295,11977523.42,473
0000920760,LEN,95ae860b-4cf1-4dfe-9159-9bd4cd3c7915,LENNAR CORP /NEW/,NYSE,,83,82.35,11974233.9,474
0000895728,ENB,ec6d64ac-f112-4df3-b58f-dbed9833c89a,ENBRIDGE INC,NYSE,,83,54.47,11953150.56,475
0001014473,VRSN,bf0fbed9-3c4a-4235-8ab0-05f880d93115,VERISIGN INC/CA,NASDAQ,,83,290.25,11918186.44,476
0001781335,OTIS,0af9c045-b1d4-4f26-9847-cf5c6f5984af,Otis Worldwide Corp,NYSE,,83,71.97,11860334.85,477
0000877212,ZBRA,3c6eaa3f-d12a-4e72-aab5-b0e005ba631a,ZEBRA TECHNOLOGIES CORP,NASDAQ,,83,293.81,11831160.86,478
0001792580,OVV,6a8e775c-1cf3-48bf-a3d1-3ceabcbf0a44,Ovintiv Inc.,NYSE,,83,62.465,11823224.44,479
0001140536,WTW,2f1bca3b-ed44-4246-ade0-f90c9ad52790,WILLIS TOWERS WATSON PLC,NASDAQ,,83,336.0,11809170.58,480
0000030625,FLS,1810d8ad-df12-4d78-a90a-98b8769bf694,FLOWSERVE CORP,NYSE,,83,76.06,11744728.84,481
0001973266,TKO,f3bbbd29-523f-4675-9c7e-fd3a0a945029,"TKO Group Holdings, Inc.",NYSE,,83,181.82,11714878.0,482
0000029905,DOV,3d61eb0a-68d9-4a74-9f71-57551a892a5f,DOVER Corp,NYSE,,83,204.63,11707974.21,483
0001836833,PL,971c1192-ed1a-4160-98f1-a3156907efb7,Planet Labs PBC,NYSE,,83,20.465,11680756.12,484
0001360901,EVR,bbcbb6f1-a2f4-4aae-9943-ee8b1bed11e0,Evercore Inc.,NYSE,,83,320.57,11658657.84,485
0000046619,HEI,6fb0da2d-95db-4318-901c-f8ee25825b9e,HEICO CORP,NYSE,,83,356.34,11645595.9,486
0001682852,MRNA,b02df0cc-0a0a-4ecb-8e92-201b1044ea21,"Moderna, Inc.",NASDAQ,,83,54.84,11620798.79,487
0001013237,FDS,4d61ebe4-a03e-4ba2-a0cd-1c59dee8d7ce,FACTSET RESEARCH SYSTEMS INC,NYSE,,83,263.225,11606332.5,488
0000039911,GAP,9e4ef521-d808-4471-b5a5-b3abd456a1f2,GAP INC,NYSE,,83,20.08,11575992.16,489
0001114448,NVS,0e0a8d50-17fe-44ce-b4ab-839cd5e63c4b,NOVARTIS AG,NYSE,,83,156.2,11513769.99,490
0002058873,Q,f29e53f4-5072-4e11-82e8-8e50318031ab,"Qnity Electronics, Inc.",NYSE,,83,131.26,11492979.15,491
0001057352,CSGP,2506e58c-1f7c-42a5-9bb9-cd0fd6645fd0,"COSTAR GROUP, INC.",NASDAQ,,83,28.765,11478889.06,492
0001468174,H,ed0a51ca-3877-4ff8-b49b-ff269347c54f,Hyatt Hotels Corp,NYSE,,83,174.02,11475627.41,493
0000875045,BIIB,0ebf2aad-3ac3-4274-9710-d4aaf455636f,BIOGEN INC.,NASDAQ,,83,202.89,11386574.68,494
0000912093,VIAV,f90aadf5-2930-4cc5-a8ab-49a4b0974813,VIAVI SOLUTIONS INC.,NASDAQ,,83,36.92,11275399.52,495
0001308648,AG,36913529-0b3c-4349-8360-e266720c49a2,FIRST MAJESTIC SILVER CORP,NYSE,,83,15.03,11191849.68,496
0001179929,MOH,20906700-9350-4d6e-a7cb-4b5068c0063e,"MOLINA HEALTHCARE, INC.",NYSE,,83,195.79,11168274.25,497
0000084839,ROL,4cbd2a17-105f-470d-b690-1e58aa0ce908,ROLLINS INC,NYSE,,83,37.96,11162583.77,498
0001524472,XYL,2f9e8a74-914c-4b63-90f0-577fd772da6f,Xylem Inc.,NYSE,,83,116.985,11131845.66,499
0001639438,CAVA,0d5bc332-b7d0-4f8d-8ae3-eb84b5369f99,"CAVA GROUP, INC.",NYSE,,83,65.25,11093831.1,500
